Name;Surname;Phone;Email;CreatedAt
Иван;Семенов;79031231212;ivan@mail.ru;12.01.2017
Анна;Кошкина;;;18.09.2021
Петров;Пётр;;;11.02.1102;
РЎРёРґРѕСЂРѕРІ;РЎРёРґСЂ;;;12.03.1203
Петров;Пётр;;;11.02.1102;
РЎРёРґРѕСЂРѕРІ;РЎРёРґСЂ;;;12.03.1203
Петров;Пётр;;;11.02.1102;
РЎРёРґРѕСЂРѕРІ;РЎРёРґСЂ;;;12.03.1203
Петров;Пётр;;;11.02.1102;
РЎРёРґРѕСЂРѕРІ;РЎРёРґСЂ;;;12.03.1203
Петров;Пётр;;;11.02.1102;
РЎРёРґРѕСЂРѕРІ;РЎРёРґСЂ;;;12.03.1203
Петров;Пётр;;;11.02.1102;
РЎРёРґРѕСЂРѕРІ;РЎРёРґСЂ;;;12.03.1203
Петров;Пётр;;;11.02.1102;
РЎРёРґРѕСЂРѕРІ;РЎРёРґСЂ;;;12.03.1203
Петров;Пётр;;;11.02.1102;
РЎРёРґРѕСЂРѕРІ;РЎРёРґСЂ;;;12.03.1203
Петров;Пётр;;;11.02.1102;
РЎРёРґРѕСЂРѕРІ;РЎРёРґСЂ;;;12.03.1203
Петров;Пётр;;;11.02.1102;
РЎРёРґРѕСЂРѕРІ;РЎРёРґСЂ;;;12.03.1203
Петров;Пётр;;;11.02.1102;
РЎРёРґРѕСЂРѕРІ;РЎРёРґСЂ;;;12.03.1203
Петров;Пётр;;;11.02.1102;
РЎРёРґРѕСЂРѕРІ;РЎРёРґСЂ;;;12.03.1203
Петров;Пётр;;;11.02.1102;
РЎРёРґРѕСЂРѕРІ;РЎРёРґСЂ;;;12.03.1203
Петров;Пётр;;;11.02.1102;
РЎРёРґРѕСЂРѕРІ;РЎРёРґСЂ;;;12.03.1203
Петров;Пётр;;;11.02.1102;
РЎРёРґРѕСЂРѕРІ;РЎРёРґСЂ;;;12.03.1203
Петров;Пётр;;;11.02.1102;
РЎРёРґРѕСЂРѕРІ;РЎРёРґСЂ;;;12.03.1203
Петров;Пётр;;;11.02.1102;
РЎРёРґРѕСЂРѕРІ;РЎРёРґСЂ;;;12.03.1203
Петров;Пётр;;;11.02.1102;
РЎРёРґРѕСЂРѕРІ;РЎРёРґСЂ;;;12.03.1203
Петров;Пётр;;;11.02.1102;
РЎРёРґРѕСЂРѕРІ;РЎРёРґСЂ;;;12.03.1203
Петров;Пётр;;;11.02.1102;
РЎРёРґРѕСЂРѕРІ;РЎРёРґСЂ;;;12.03.1203
Петров;Пётр;;;11.02.1102;
РЎРёРґРѕСЂРѕРІ;РЎРёРґСЂ;;;12.03.1203
Петров;Пётр;;;11.02.1102;
РЎРёРґРѕСЂРѕРІ;РЎРёРґСЂ;;;12.03.1203
Петров;Пётр;;;11.02.1102;
РЎРёРґРѕСЂРѕРІ;РЎРёРґСЂ;;;12.03.1203
Петров;Пётр;;;11.02.1102;
РЎРёРґРѕСЂРѕРІ;РЎРёРґСЂ;;;12.03.1203
Петров;Пётр;;;11.02.1102;
РЎРёРґРѕСЂРѕРІ;РЎРёРґСЂ;;;12.03.1203
Петров;Пётр;;;11.02.1102;
РЎРёРґРѕСЂРѕРІ;РЎРёРґСЂ;;;12.03.1203
Петров;Пётр;;;11.02.1102;
РЎРёРґРѕСЂРѕРІ;РЎРёРґСЂ;;;12.03.1203
Петров;Пётр;;;11.02.1102;
РЎРёРґРѕСЂРѕРІ;РЎРёРґСЂ;;;12.03.1203
Петров;Пётр;;;11.02.1102;
РЎРёРґРѕСЂРѕРІ;РЎРёРґСЂ;;;12.03.1203
Петров;Пётр;;;11.02.1102;
РЎРёРґРѕСЂРѕРІ;РЎРёРґСЂ;;;12.03.1203
Петров;Пётр;;;11.02.1102;
РЎРёРґРѕСЂРѕРІ;РЎРёРґСЂ;;;12.03.1203
Петров;Пётр;;;11.02.1102;
РЎРёРґРѕСЂРѕРІ;РЎРёРґСЂ;;;12.03.1203
Петров;Пётр;;;11.02.1102;
РЎРёРґРѕСЂРѕРІ;РЎРёРґСЂ;;;12.03.1203
Петров;Пётр;;;11.02.1102;
РЎРёРґРѕСЂРѕРІ;РЎРёРґСЂ;;;12.03.1203
Петров;Пётр;;;11.02.1102;
РЎРёРґРѕСЂРѕРІ;РЎРёРґСЂ;;;12.03.1203
Петров;Пётр;;;11.02.1102;
РЎРёРґРѕСЂРѕРІ;РЎРёРґСЂ;;;12.03.1203
Петров;Пётр;;;11.02.1102;
РЎРёРґРѕСЂРѕРІ;РЎРёРґСЂ;;;12.03.1203
Петров;Пётр;;;11.02.1102;
РЎРёРґРѕСЂРѕРІ;РЎРёРґСЂ;;;12.03.1203
Петров;Пётр;;;11.02.1102;
РЎРёРґРѕСЂРѕРІ;РЎРёРґСЂ;;;12.03.1203
Петров;Пётр;;;11.02.1102;
РЎРёРґРѕСЂРѕРІ;РЎРёРґСЂ;;;12.03.1203
Петров;Пётр;;;11.02.1102;
РЎРёРґРѕСЂРѕРІ;РЎРёРґСЂ;;;12.03.1203
Петров;Пётр;;;11.02.1102;
РЎРёРґРѕСЂРѕРІ;РЎРёРґСЂ;;;12.03.1203
Петров;Пётр;;;11.02.1102;
РЎРёРґРѕСЂРѕРІ;РЎРёРґСЂ;;;12.03.1203
Петров;Пётр;;;11.02.1102;
РЎРёРґРѕСЂРѕРІ;РЎРёРґСЂ;;;12.03.1203
Петров;Пётр;;;11.02.1102;
РЎРёРґРѕСЂРѕРІ;РЎРёРґСЂ;;;12.03.1203
Петров;Пётр;;;11.02.1102;
РЎРёРґРѕСЂРѕРІ;РЎРёРґСЂ;;;12.03.1203
Петров;Пётр;;;11.02.1102;
РЎРёРґРѕСЂРѕРІ;РЎРёРґСЂ;;;12.03.1203
Петров;Пётр;;;11.02.1102;
РЎРёРґРѕСЂРѕРІ;РЎРёРґСЂ;;;12.03.1203
Петров;Пётр;;;11.02.1102;
РЎРёРґРѕСЂРѕРІ;РЎРёРґСЂ;;;12.03.1203
Петров;Пётр;;;11.02.1102;
РЎРёРґРѕСЂРѕРІ;РЎРёРґСЂ;;;12.03.1203
Петров;Пётр;;;11.02.1102;
РЎРёРґРѕСЂРѕРІ;РЎРёРґСЂ;;;12.03.1203
Петров;Пётр;;;11.02.1102;
РЎРёРґРѕСЂРѕРІ;РЎРёРґСЂ;;;12.03.1203
Петров;Пётр;;;11.02.1102;
РЎРёРґРѕСЂРѕРІ;РЎРёРґСЂ;;;12.03.1203
Петров;Пётр;;;11.02.1102;
РЎРёРґРѕСЂРѕРІ;РЎРёРґСЂ;;;12.03.1203
Петров;Пётр;;;11.02.1102;
РЎРёРґРѕСЂРѕРІ;РЎРёРґСЂ;;;12.03.1203
Петров;Пётр;;;11.02.1102;
РЎРёРґРѕСЂРѕРІ;РЎРёРґСЂ;;;12.03.1203
Петров;Пётр;;;11.02.1102;
РЎРёРґРѕСЂРѕРІ;РЎРёРґСЂ;;;12.03.1203
Петров;Пётр;;;11.02.1102;
РЎРёРґРѕСЂРѕРІ;РЎРёРґСЂ;;;12.03.1203
Петров;Пётр;;;11.02.1102;
РЎРёРґРѕСЂРѕРІ;РЎРёРґСЂ;;;12.03.1203
Петров;Пётр;;;11.02.1102;
РЎРёРґРѕСЂРѕРІ;РЎРёРґСЂ;;;12.03.1203
Петров;Пётр;;;11.02.1102;
РЎРёРґРѕСЂРѕРІ;РЎРёРґСЂ;;;12.03.1203
Петров;Пётр;;;11.02.1102;
РЎРёРґРѕСЂРѕРІ;РЎРёРґСЂ;;;12.03.1203
Петров;Пётр;;;11.02.1102;
РЎРёРґРѕСЂРѕРІ;РЎРёРґСЂ;;;12.03.1203
Петров;Пётр;;;11.02.1102;
РЎРёРґРѕСЂРѕРІ;РЎРёРґСЂ;;;12.03.1203
Петров;Пётр;;;11.02.1102;
РЎРёРґРѕСЂРѕРІ;РЎРёРґСЂ;;;12.03.1203
Петров;Пётр;;;11.02.1102;
РЎРёРґРѕСЂРѕРІ;РЎРёРґСЂ;;;12.03.1203
Петров;Пётр;;;11.02.1102;
РЎРёРґРѕСЂРѕРІ;РЎРёРґСЂ;;;12.03.1203
Петров;Пётр;;;11.02.1102;
РЎРёРґРѕСЂРѕРІ;РЎРёРґСЂ;;;12.03.1203
Петров;Пётр;;;11.02.1102;
РЎРёРґРѕСЂРѕРІ;РЎРёРґСЂ;;;12.03.1203
Петров;Пётр;;;11.02.1102;
РЎРёРґРѕСЂРѕРІ;РЎРёРґСЂ;;;12.03.1203
Петров;Пётр;;;11.02.1102;
РЎРёРґРѕСЂРѕРІ;РЎРёРґСЂ;;;12.03.1203
Петров;Пётр;;;11.02.1102;
РЎРёРґРѕСЂРѕРІ;РЎРёРґСЂ;;;12.03.1203
Петров;Пётр;;;11.02.1102;
РЎРёРґРѕСЂРѕРІ;РЎРёРґСЂ;;;12.03.1203
Петров;Пётр;;;11.02.1102;
РЎРёРґРѕСЂРѕРІ;РЎРёРґСЂ;;;12.03.1203
Петров;Пётр;;;11.02.1102;
РЎРёРґРѕСЂРѕРІ;РЎРёРґСЂ;;;12.03.1203
Петров;Пётр;;;11.02.1102;
РЎРёРґРѕСЂРѕРІ;РЎРёРґСЂ;;;12.03.1203
Петров;Пётр;;;11.02.1102;
РЎРёРґРѕСЂРѕРІ;РЎРёРґСЂ;;;12.03.1203
Петров;Пётр;;;11.02.1102;
РЎРёРґРѕСЂРѕРІ;РЎРёРґСЂ;;;12.03.1203
Петров;Пётр;;;11.02.1102;
РЎРёРґРѕСЂРѕРІ;РЎРёРґСЂ;;;12.03.1203
Петров;Пётр;;;11.02.1102;
РЎРёРґРѕСЂРѕРІ;РЎРёРґСЂ;;;12.03.1203
Петров;Пётр;;;11.02.1102;
РЎРёРґРѕСЂРѕРІ;РЎРёРґСЂ;;;12.03.1203
Петров;Пётр;;;11.02.1102;
РЎРёРґРѕСЂРѕРІ;РЎРёРґСЂ;;;12.03.1203
Петров;Пётр;;;11.02.1102;
РЎРёРґРѕСЂРѕРІ;РЎРёРґСЂ;;;12.03.1203
Петров;Пётр;;;11.02.1102;
РЎРёРґРѕСЂРѕРІ;РЎРёРґСЂ;;;12.03.1203
Петров;Пётр;;;11.02.1102;
РЎРёРґРѕСЂРѕРІ;РЎРёРґСЂ;;;12.03.1203
Петров;Пётр;;;11.02.1102;
РЎРёРґРѕСЂРѕРІ;РЎРёРґСЂ;;;12.03.1203
Петров;Пётр;;;11.02.1102;
РЎРёРґРѕСЂРѕРІ;РЎРёРґСЂ;;;12.03.1203
Петров;Пётр;;;11.02.1102;
РЎРёРґРѕСЂРѕРІ;РЎРёРґСЂ;;;12.03.1203
Петров;Пётр;;;11.02.1102;
РЎРёРґРѕСЂРѕРІ;РЎРёРґСЂ;;;12.03.1203
Петров;Пётр;;;11.02.1102;
РЎРёРґРѕСЂРѕРІ;РЎРёРґСЂ;;;12.03.1203
Петров;Пётр;;;11.02.1102;
РЎРёРґРѕСЂРѕРІ;РЎРёРґСЂ;;;12.03.1203
Петров;Пётр;;;11.02.1102;
РЎРёРґРѕСЂРѕРІ;РЎРёРґСЂ;;;12.03.1203
Петров;Пётр;;;11.02.1102;
РЎРёРґРѕСЂРѕРІ;РЎРёРґСЂ;;;12.03.1203
Петров;Пётр;;;11.02.1102;
РЎРёРґРѕСЂРѕРІ;РЎРёРґСЂ;;;12.03.1203
Петров;Пётр;;;11.02.1102;
РЎРёРґРѕСЂРѕРІ;РЎРёРґСЂ;;;12.03.1203
Петров;Пётр;;;11.02.1102;
РЎРёРґРѕСЂРѕРІ;РЎРёРґСЂ;;;12.03.1203
Петров;Пётр;;;11.02.1102;
РЎРёРґРѕСЂРѕРІ;РЎРёРґСЂ;;;12.03.1203
Петров;Пётр;;;11.02.1102;
РЎРёРґРѕСЂРѕРІ;РЎРёРґСЂ;;;12.03.1203
Петров;Пётр;;;11.02.1102;
РЎРёРґРѕСЂРѕРІ;РЎРёРґСЂ;;;12.03.1203
Петров;Пётр;;;11.02.1102;
РЎРёРґРѕСЂРѕРІ;РЎРёРґСЂ;;;12.03.1203
Петров;Пётр;;;11.02.1102;
РЎРёРґРѕСЂРѕРІ;РЎРёРґСЂ;;;12.03.1203
Петров;Пётр;;;11.02.1102;
РЎРёРґРѕСЂРѕРІ;РЎРёРґСЂ;;;12.03.1203
Петров;Пётр;;;11.02.1102;
РЎРёРґРѕСЂРѕРІ;РЎРёРґСЂ;;;12.03.1203
Петров;Пётр;;;11.02.1102;
РЎРёРґРѕСЂРѕРІ;РЎРёРґСЂ;;;12.03.1203
Петров;Пётр;;;11.02.1102;
РЎРёРґРѕСЂРѕРІ;РЎРёРґСЂ;;;12.03.1203
Петров;Пётр;;;11.02.1102;
РЎРёРґРѕСЂРѕРІ;РЎРёРґСЂ;;;12.03.1203
Петров;Пётр;;;11.02.1102;
РЎРёРґРѕСЂРѕРІ;РЎРёРґСЂ;;;12.03.1203
Петров;Пётр;;;11.02.1102;
РЎРёРґРѕСЂРѕРІ;РЎРёРґСЂ;;;12.03.1203
Петров;Пётр;;;11.02.1102;
РЎРёРґРѕСЂРѕРІ;РЎРёРґСЂ;;;12.03.1203
Петров;Пётр;;;11.02.1102;
РЎРёРґРѕСЂРѕРІ;РЎРёРґСЂ;;;12.03.1203
Петров;Пётр;;;11.02.1102;
РЎРёРґРѕСЂРѕРІ;РЎРёРґСЂ;;;12.03.1203
Петров;Пётр;;;11.02.1102;
РЎРёРґРѕСЂРѕРІ;РЎРёРґСЂ;;;12.03.1203
Петров;Пётр;;;11.02.1102;
РЎРёРґРѕСЂРѕРІ;РЎРёРґСЂ;;;12.03.1203
Петров;Пётр;;;11.02.1102;
РЎРёРґРѕСЂРѕРІ;РЎРёРґСЂ;;;12.03.1203
Петров;Пётр;;;11.02.1102;
РЎРёРґРѕСЂРѕРІ;РЎРёРґСЂ;;;12.03.1203
Петров;Пётр;;;11.02.1102;
РЎРёРґРѕСЂРѕРІ;РЎРёРґСЂ;;;12.03.1203
Петров;Пётр;;;11.02.1102;
РЎРёРґРѕСЂРѕРІ;РЎРёРґСЂ;;;12.03.1203
Петров;Пётр;;;11.02.1102;
РЎРёРґРѕСЂРѕРІ;РЎРёРґСЂ;;;12.03.1203
Петров;Пётр;;;11.02.1102;
РЎРёРґРѕСЂРѕРІ;РЎРёРґСЂ;;;12.03.1203
Петров;Пётр;;;11.02.1102;
РЎРёРґРѕСЂРѕРІ;РЎРёРґСЂ;;;12.03.1203
Петров;Пётр;;;11.02.1102;
РЎРёРґРѕСЂРѕРІ;РЎРёРґСЂ;;;12.03.1203
Петров;Пётр;;;11.02.1102;
РЎРёРґРѕСЂРѕРІ;РЎРёРґСЂ;;;12.03.1203
Петров;Пётр;;;11.02.1102;
РЎРёРґРѕСЂРѕРІ;РЎРёРґСЂ;;;12.03.1203
Петров;Пётр;;;11.02.1102;
РЎРёРґРѕСЂРѕРІ;РЎРёРґСЂ;;;12.03.1203
Петров;Пётр;;;11.02.1102;
РЎРёРґРѕСЂРѕРІ;РЎРёРґСЂ;;;12.03.1203
Петров;Пётр;;;11.02.1102;
РЎРёРґРѕСЂРѕРІ;РЎРёРґСЂ;;;12.03.1203
Петров;Пётр;;;11.02.1102;
РЎРёРґРѕСЂРѕРІ;РЎРёРґСЂ;;;12.03.1203
Петров;Пётр;;;11.02.1102;
РЎРёРґРѕСЂРѕРІ;РЎРёРґСЂ;;;12.03.1203
Петров;Пётр;;;11.02.1102;
РЎРёРґРѕСЂРѕРІ;РЎРёРґСЂ;;;12.03.1203
Петров;Пётр;;;11.02.1102;
РЎРёРґРѕСЂРѕРІ;РЎРёРґСЂ;;;12.03.1203
Петров;Пётр;;;11.02.1102;
РЎРёРґРѕСЂРѕРІ;РЎРёРґСЂ;;;12.03.1203
Петров;Пётр;;;11.02.1102;
РЎРёРґРѕСЂРѕРІ;РЎРёРґСЂ;;;12.03.1203
Петров;Пётр;;;11.02.1102;
РЎРёРґРѕСЂРѕРІ;РЎРёРґСЂ;;;12.03.1203
Петров;Пётр;;;11.02.1102;
РЎРёРґРѕСЂРѕРІ;РЎРёРґСЂ;;;12.03.1203
Петров;Пётр;;;11.02.1102;
РЎРёРґРѕСЂРѕРІ;РЎРёРґСЂ;;;12.03.1203
Петров;Пётр;;;11.02.1102;
РЎРёРґРѕСЂРѕРІ;РЎРёРґСЂ;;;12.03.1203
Петров;Пётр;;;11.02.1102;
РЎРёРґРѕСЂРѕРІ;РЎРёРґСЂ;;;12.03.1203
Петров;Пётр;;;11.02.1102;
РЎРёРґРѕСЂРѕРІ;РЎРёРґСЂ;;;12.03.1203
Петров;Пётр;;;11.02.1102;
РЎРёРґРѕСЂРѕРІ;РЎРёРґСЂ;;;12.03.1203
Петров;Пётр;;;11.02.1102;
РЎРёРґРѕСЂРѕРІ;РЎРёРґСЂ;;;12.03.1203
Петров;Пётр;;;11.02.1102;
РЎРёРґРѕСЂРѕРІ;РЎРёРґСЂ;;;12.03.1203
Петров;Пётр;;;11.02.1102;
РЎРёРґРѕСЂРѕРІ;РЎРёРґСЂ;;;12.03.1203
Петров;Пётр;;;11.02.1102;
РЎРёРґРѕСЂРѕРІ;РЎРёРґСЂ;;;12.03.1203
Петров;Пётр;;;11.02.1102;
РЎРёРґРѕСЂРѕРІ;РЎРёРґСЂ;;;12.03.1203
Петров;Пётр;;;11.02.1102;
РЎРёРґРѕСЂРѕРІ;РЎРёРґСЂ;;;12.03.1203
Петров;Пётр;;;11.02.1102;
РЎРёРґРѕСЂРѕРІ;РЎРёРґСЂ;;;12.03.1203
Петров;Пётр;;;11.02.1102;
РЎРёРґРѕСЂРѕРІ;РЎРёРґСЂ;;;12.03.1203
Петров;Пётр;;;11.02.1102;
РЎРёРґРѕСЂРѕРІ;РЎРёРґСЂ;;;12.03.1203
Петров;Пётр;;;11.02.1102;
РЎРёРґРѕСЂРѕРІ;РЎРёРґСЂ;;;12.03.1203
Петров;Пётр;;;11.02.1102;
РЎРёРґРѕСЂРѕРІ;РЎРёРґСЂ;;;12.03.1203
Петров;Пётр;;;11.02.1102;
РЎРёРґРѕСЂРѕРІ;РЎРёРґСЂ;;;12.03.1203
Петров;Пётр;;;11.02.1102;
РЎРёРґРѕСЂРѕРІ;РЎРёРґСЂ;;;12.03.1203
Петров;Пётр;;;11.02.1102;
РЎРёРґРѕСЂРѕРІ;РЎРёРґСЂ;;;12.03.1203
Петров;Пётр;;;11.02.1102;
РЎРёРґРѕСЂРѕРІ;РЎРёРґСЂ;;;12.03.1203
Петров;Пётр;;;11.02.1102;
РЎРёРґРѕСЂРѕРІ;РЎРёРґСЂ;;;12.03.1203
Петров;Пётр;;;11.02.1102;
РЎРёРґРѕСЂРѕРІ;РЎРёРґСЂ;;;12.03.1203
Петров;Пётр;;;11.02.1102;
РЎРёРґРѕСЂРѕРІ;РЎРёРґСЂ;;;12.03.1203
Петров;Пётр;;;11.02.1102;
РЎРёРґРѕСЂРѕРІ;РЎРёРґСЂ;;;12.03.1203
Петров;Пётр;;;11.02.1102;
РЎРёРґРѕСЂРѕРІ;РЎРёРґСЂ;;;12.03.1203
Петров;Пётр;;;11.02.1102;
РЎРёРґРѕСЂРѕРІ;РЎРёРґСЂ;;;12.03.1203
Петров;Пётр;;;11.02.1102;
РЎРёРґРѕСЂРѕРІ;РЎРёРґСЂ;;;12.03.1203
Петров;Пётр;;;11.02.1102;
РЎРёРґРѕСЂРѕРІ;РЎРёРґСЂ;;;12.03.1203
Петров;Пётр;;;11.02.1102;
РЎРёРґРѕСЂРѕРІ;РЎРёРґСЂ;;;12.03.1203
Петров;Пётр;;;11.02.1102;
РЎРёРґРѕСЂРѕРІ;РЎРёРґСЂ;;;12.03.1203
Петров;Пётр;;;11.02.1102;
РЎРёРґРѕСЂРѕРІ;РЎРёРґСЂ;;;12.03.1203
Петров;Пётр;;;11.02.1102;
РЎРёРґРѕСЂРѕРІ;РЎРёРґСЂ;;;12.03.1203
Петров;Пётр;;;11.02.1102;
РЎРёРґРѕСЂРѕРІ;РЎРёРґСЂ;;;12.03.1203
Петров;Пётр;;;11.02.1102;
РЎРёРґРѕСЂРѕРІ;РЎРёРґСЂ;;;12.03.1203
Петров;Пётр;;;11.02.1102;
РЎРёРґРѕСЂРѕРІ;РЎРёРґСЂ;;;12.03.1203
Петров;Пётр;;;11.02.1102;
РЎРёРґРѕСЂРѕРІ;РЎРёРґСЂ;;;12.03.1203
Петров;Пётр;;;11.02.1102;
РЎРёРґРѕСЂРѕРІ;РЎРёРґСЂ;;;12.03.1203
Петров;Пётр;;;11.02.1102;
РЎРёРґРѕСЂРѕРІ;РЎРёРґСЂ;;;12.03.1203
Петров;Пётр;;;11.02.1102;
РЎРёРґРѕСЂРѕРІ;РЎРёРґСЂ;;;12.03.1203
Петров;Пётр;;;11.02.1102;
РЎРёРґРѕСЂРѕРІ;РЎРёРґСЂ;;;12.03.1203
Петров;Пётр;;;11.02.1102;
РЎРёРґРѕСЂРѕРІ;РЎРёРґСЂ;;;12.03.1203
Петров;Пётр;;;11.02.1102;
РЎРёРґРѕСЂРѕРІ;РЎРёРґСЂ;;;12.03.1203
Петров;Пётр;;;11.02.1102;
РЎРёРґРѕСЂРѕРІ;РЎРёРґСЂ;;;12.03.1203
Петров;Пётр;;;11.02.1102;
РЎРёРґРѕСЂРѕРІ;РЎРёРґСЂ;;;12.03.1203
Петров;Пётр;;;11.02.1102;
РЎРёРґРѕСЂРѕРІ;РЎРёРґСЂ;;;12.03.1203
Петров;Пётр;;;11.02.1102;
РЎРёРґРѕСЂРѕРІ;РЎРёРґСЂ;;;12.03.1203
Петров;Пётр;;;11.02.1102;
РЎРёРґРѕСЂРѕРІ;РЎРёРґСЂ;;;12.03.1203
Петров;Пётр;;;11.02.1102;
РЎРёРґРѕСЂРѕРІ;РЎРёРґСЂ;;;12.03.1203
Петров;Пётр;;;11.02.1102;
РЎРёРґРѕСЂРѕРІ;РЎРёРґСЂ;;;12.03.1203
Петров;Пётр;;;11.02.1102;
РЎРёРґРѕСЂРѕРІ;РЎРёРґСЂ;;;12.03.1203
Петров;Пётр;;;11.02.1102;
РЎРёРґРѕСЂРѕРІ;РЎРёРґСЂ;;;12.03.1203
Петров;Пётр;;;11.02.1102;
РЎРёРґРѕСЂРѕРІ;РЎРёРґСЂ;;;12.03.1203
Петров;Пётр;;;11.02.1102;
РЎРёРґРѕСЂРѕРІ;РЎРёРґСЂ;;;12.03.1203
Петров;Пётр;;;11.02.1102;
РЎРёРґРѕСЂРѕРІ;РЎРёРґСЂ;;;12.03.1203
Петров;Пётр;;;11.02.1102;
РЎРёРґРѕСЂРѕРІ;РЎРёРґСЂ;;;12.03.1203
Петров;Пётр;;;11.02.1102;
РЎРёРґРѕСЂРѕРІ;РЎРёРґСЂ;;;12.03.1203
Петров;Пётр;;;11.02.1102;
РЎРёРґРѕСЂРѕРІ;РЎРёРґСЂ;;;12.03.1203
Петров;Пётр;;;11.02.1102;
РЎРёРґРѕСЂРѕРІ;РЎРёРґСЂ;;;12.03.1203
Петров;Пётр;;;11.02.1102;
РЎРёРґРѕСЂРѕРІ;РЎРёРґСЂ;;;12.03.1203
Петров;Пётр;;;11.02.1102;
РЎРёРґРѕСЂРѕРІ;РЎРёРґСЂ;;;12.03.1203
Петров;Пётр;;;11.02.1102;
РЎРёРґРѕСЂРѕРІ;РЎРёРґСЂ;;;12.03.1203
Петров;Пётр;;;11.02.1102;
РЎРёРґРѕСЂРѕРІ;РЎРёРґСЂ;;;12.03.1203
Петров;Пётр;;;11.02.1102;
РЎРёРґРѕСЂРѕРІ;РЎРёРґСЂ;;;12.03.1203
